Serial No.,id,transaction id,amount,timestamp
1,user1,T1,250,10:47am
2,user2,T2,34,10:47am
3,user3,T3,2877,10:47am
4,user4,T4,87,10:47am
5,user5,T5,987,10:47am
6,user6,T6,274,10:47am
7,user7,T7,2387,10:47am
8,user8,T8,76,10:47am
9,user9,T9,872,10:47am
10,user10,T10,2874,10:47am
11,user11,T11,87234,10:47am
12,user12,T12,99,10:47am
13,user13,T13,100,10:47am
14,user14,T14,4,10:47am
15,user15,T15,326,10:47am
16,user16,T16,287,10:47am
17,user17,T17,988,10:47am
18,user18,T18,576,10:47am
19,user19,T19,76,10:47am
20,user20,T20,3478,10:47am
21,user21,T21,84,10:47am
22,user22,T22,35,10:47am
23,user23,T23,37,10:47am
24,user24,T24,22,10:47am
25,user25,T25,49,10:47am
